<?xml version="1.0" encoding="UTF-8"?>
<project-private xmlns="http://www.netbeans.org/ns/project-private/1">
    <editor-bookmarks xmlns="http://www.netbeans.org/ns/editor-bookmarks/2" lastBookmarkId="0"/>
    <open-files xmlns="http://www.netbeans.org/ns/projectui-open-files/2">
        <group>
            <file>file:/D:/PROJECT/Kasir_RM/src/kasir_rm/Menu.java</file>
            <file>file:/D:/PROJECT/Kasir_RM/src/kasir_rm/Login.java</file>
            <file>file:/D:/PROJECT/Kasir_RM/src/kasir_rm/Minuman.java</file>
            <file>file:/D:/PROJECT/Kasir_RM/src/kasir_rm/Log.java</file>
            <file>file:/D:/PROJECT/Kasir_RM/src/kasir_rm/Data_Pembeli.java</file>
            <file>file:/D:/PROJECT/Kasir_RM/src/kasir_rm/Pembayaran.java</file>
        </group>
    </open-files>
</project-private>
